index;xid
1;eqr
2;btx
3;bzx
4;bfr
5;bwj
6;esv
7;bed
8;czd
9;dnw
10;dfe
11;aiq
12;gcg
13;eoh
14;frf
15;fht
16;ddq
17;acf
18;bwr
19;fos
20;cik
21;fhr
22;bxa
23;fzr
24;ege
25;btj
26;gcd
27;anu
28;erv
29;dot
30;aka
31;byv
32;aqg
33;cgk
34;dnf
35;akc
36;cgt
37;eeu
38;dcc
39;fod
40;avw
41;biv
42;akm
43;chj
44;ego
45;fhf
46;eud
47;bkq
48;fvk
49;cjg
50;cqz
51;aqc
52;foq
53;dzh
54;dwu
55;enb
56;cdf
57;ajk
58;ahe
59;asu
60;fkp
61;evc
62;fse
63;fuf
64;awe
65;czx
66;eyh
67;bqb
68;bhj
69;cxi
70;cno
71;ccy
72;edf
73;fkj
74;fhe
75;dtw
76;esf
77;dyz
78;eyf
79;fja
80;gaz
81;ewu
82;bxj
83;cpr
84;csp
85;buf
86;bak
87;atf
88;fmc
89;aih
90;awd
91;ayf
92;dcb
93;bxi
94;ftt
95;axt
96;bza
97;brr
98;enk
99;dqn
100;djp
101;ant
102;fyy
103;dzf
104;ejg
105;cwk
106;fim
107;ftg
108;aia
109;cyh
110;efg
111;eks
112;ftn
113;bqv
114;ajd
115;dum
116;adv
117;add
118;abm
119;cqm
120;dpe
121;axu
122;cde
123;atu
124;edh
125;feo
126;ewm
127;aeg
128;ayo
129;fpf
130;ccb
131;fbz
132;btk
133;cfg
134;evm
135;bne
136;eyq
137;eex
138;frk
139;dry
140;ejb
141;ebd
142;dnq
143;cqy
144;cij
145;ens
146;fwk
147;ckz
148;adq
149;fpq
150;bvf
151;bta
152;fnz
153;fzk
154;esx
155;fdk
156;csn
157;gam
158;aru
159;ecj
160;auc
161;ehs
162;byo
163;bhx
164;apf
165;cju
166;byf
167;aam
168;dvn
169;cjm
170;fbf
171;cxf
172;ete
173;ebk
174;abt
175;dib
176;akg
177;acn
178;exc
179;ekc
180;bhu
181;fau
182;fnm
183;cio
184;dnb
185;deo
186;cyz
187;fop
188;fte
189;evb
190;bjw
191;die
192;cfw
193;ehf
194;cue
195;ezc
196;fdh
197;bbb
198;bca
199;ckb
200;dnr
201;bzp
202;cma
203;dyf
204;fnu
205;ezy
206;bad
207;fpm
208;drg
209;bje
210;axy
211;fmt
212;cbv
213;esk
214;ckw
215;bxn
216;evg
217;cfh
218;drp
219;egu
220;esr
221;fnp
222;csj
223;bcj
224;euy
225;czh
226;fjm
227;bpm
228;frs
229;bce
230;bbn
231;bbt
232;bnf
233;ftr
234;crq
235;duw
236;bna
237;dvy
238;fqc
239;emc
240;fnd
241;ewo
242;crn
243;evf
244;afp
245;ayy
246;cug
247;ehp
248;ayh
249;fob
250;bxz
251;emd
252;ark
253;eda
254;epx
255;cxa
256;epd
257;ezf
258;cim
259;cbb
260;atj
261;arx
262;fbh
263;adk
264;fmz
265;eeg
266;bwp
267;ctp
268;aut
269;dki
270;emk
271;dkj
272;fjk
273;fhx
274;fij
275;ajo
276;bye
277;brm
278;dwz
279;atr
280;fni
281;bko
282;fmo
283;csd
284;afk
285;dvr
286;bfo
287;bew
288;djg
289;fbo
290;azh
291;cbt
292;ezu
293;fwi
294;dco
295;fro
296;adj
297;eii
298;azi
299;aop
300;fyp
301;fgp
302;eji
303;dnz
304;ewi
305;czr
306;eyd
307;doi
308;fww
309;dyq
310;eub
311;cms
312;aya
313;avk
314;ajy
315;erj
316;bte
317;ako
318;dar
319;cpx
320;fda
321;bsn
322;bgh
323;dtn
324;ckp
325;bsy
326;ahz
327;eqj
328;fhd
329;ase
330;gbh
331;akr
332;dgw
333;baq
334;bqd
335;bmh
336;dkd
337;gbe
338;cmz
339;dxg
340;fmq
341;dpy
342;bax
343;eht
344;cvd
345;bjm
346;fzo
347;gca
348;bum
349;epo
350;cti
351;fqo
352;fqd
353;erc
354;fdp
355;exd
356;dsc
357;ctq
358;fex
359;aoo
360;ecd
361;aom
362;buh
363;abo
364;bcu
365;faq
366;bid
367;abx
368;eed
369;abi
370;bbd
371;cxx
372;chm
373;dmh
374;awh
375;bxu
376;czg
377;bue
378;bjf
379;biy
380;ejh
381;fno
382;ccc
383;ciw
384;fuu
385;cfj
386;cbe
387;bam
388;dpw
389;crb
390;ajc
391;daa
392;dkg
393;cek
394;ftc
395;bqw
396;gcw
397;ezr
398;dse
399;agg
400;fwh
401;dvz
402;bkc
403;dje
404;dqq
405;dju
406;can
407;efh
408;aff
409;ffs
410;cfd
411;eqf
412;csr
413;bjc
414;few
415;bod
416;azr
417;abr
418;ass
419;bcp
420;cou
421;apv
422;eaa
423;dxu
424;dik
425;axd
426;dht
427;fbi
428;egk
429;cwc
430;fir
431;fwf
432;dty
433;fwt
434;aqy
435;aft
436;dyj
437;coo
438;ein
439;eai
440;dgx
441;aak
442;eos
443;eph
444;bhr
445;bbh
446;aba
447;dmo
448;bug
449;bcm
450;adg
451;coe
452;fch
453;fzh
454;epz
455;dcz
456;ckd
457;ffb
458;fnf
459;gbq
460;byw
461;ahg
462;ayg
463;fhb
464;cie
465;dqj
466;ctz
467;ccr
468;dnt
469;bit
470;azx
471;eqe
472;cxv
473;asi
474;bbe
475;diy
476;dwp
477;fff
478;afa
479;atg
480;bco
481;fax
482;bck
483;bht
484;dge
485;eqh
486;bya
487;aac
488;bgv
489;bpo
490;arc
491;aiu
492;cnu
493;cyc
494;cfb
495;dpf
496;cbg
497;bph
498;bka
499;axj
500;chn
501;czt
502;fbw
503;ecy
504;dbd
505;dqt
506;eqd
507;bdc
508;dyg
509;ben
510;fig
511;brj
512;gao
513;dqe
514;ced
515;cay
516;ecp
517;gai
518;bbz
519;aet
520;cns
521;bps
522;frj
523;byk
524;duz
525;aoz
526;ekd
527;deh
528;dnn
529;bty
530;btn
531;ekm
532;bhp
533;aoa
534;ezz
535;emm
536;dbo
537;dnu
538;ack
539;exy
540;efn
541;bwu
542;aos
543;cgn
544;doq
545;aio
546;cdi
547;cdy
548;byp
549;eto
550;bmc
551;dtu
552;fds
553;bws
554;exb
555;ayj
556;ahp
557;cxu
558;fvo
559;cku
560;ari
561;dpd
562;amz
563;cpq
564;eek
565;fdz
566;ehv
567;ayw
568;drt
569;dmj
570;dda
571;ffo
572;euz
573;bpa
574;asd
575;edu
576;cnz
577;dxf
578;bhc
579;fyt
580;aov
581;fvw
582;cqq
583;bvx
584;fcg
585;dby
586;dgo
587;cne
588;awy
589;fuk
590;cye
591;cpt
592;ets
593;aat
594;ert
595;ejv
596;fsr
597;aqv
598;ffg
599;amh
600;dsy
601;fpn
602;ajq
603;cdc
604;foc
605;bjp
606;apb
607;bih
608;eom
609;eah
610;fbt
611;bpr
612;emg
613;btg
614;fsz
615;cuo
616;ewb
617;dmx
618;eey
619;ebp
620;cyb
621;apo
622;emz
623;bow
624;bfd
625;dof
626;bvp
627;csk
628;eae
629;eas
630;gae
631;dcs
632;fae
633;cyd
634;agb
635;bjr
636;dsk
637;ebm
638;acg
639;caz
640;dfg
641;dwi
642;fag
643;bah
644;apu
645;frg
646;gad
647;cui
648;efp
649;dfk
650;fsg
651;ejk
652;exn
653;dcq
654;bji
655;bvd
656;enz
657;aua
658;agk
659;cjc
660;dgn
661;dgt
662;ayu
663;dir
664;avd
665;fzi
666;bsj
667;fqr
668;faf
669;dqs
670;cph
671;aci
672;dcv
673;dqc
674;bzc
675;fyx
676;eku
677;dfv
678;fri
679;arg
680;awo
681;cdr
682;fyq
683;dzd
684;anx
685;eck
686;ahm
687;ejn
688;env
689;eqk
690;dto
691;adi
692;fgv
693;bvw
694;dku
695;cmh
696;dsx
697;dbs
698;dnx
699;edb
700;dpm
701;fng
702;fqx
703;cmm
704;feq
705;fwu
706;fhk
707;edr
708;aze
709;efv
710;eiu
711;cvh
712;dyo
713;bdb
714;bbw
715;ecb
716;cvt
717;bno
718;emw
719;bxt
720;afr
721;dxj
722;exx
723;atx
724;dhv
725;exu
726;fgc
727;gcm
728;aik
729;aht
730;cwb
731;bsb
732;aaf
733;drs
734;dtg
735;cdv
736;dwb
737;bjb
738;feh
739;ctj
740;eqz
741;drq
742;boc
743;agz
744;fdo
745;eqv
746;eqs
747;ciu
748;dup
749;fbd
750;bio
751;dvb
752;cer
753;fpv
754;bnc
755;ftw
756;dys
757;efe
758;acv
759;fdc
760;cqr
761;dbh
762;dfi
763;fzs
764;fmn
765;cbn
766;cym
767;bie
768;etd
769;fgf
770;efm
771;bkv
772;deq
773;dbk
774;fxj
775;cas
776;bhn
777;dmv
778;fin
779;fhh
780;epk
781;atv
782;cyp
783;bfy
784;bwy
785;bwc
786;cfk
787;ayb
788;cyx
789;fot
790;chp
791;czi
792;djj
793;cav
794;exk
795;bua
796;dwa
797;fuw
798;bmv
799;ess
800;atm
801;epn
802;dgq
803;ebq
804;ccm
805;dgv
806;cad
807;fsi
808;acb
809;bqo
810;brs
811;fsm
812;bzk
813;enn
814;ctf
815;duj
816;edg
817;aan
818;ctd
819;dmn
820;asm
821;cwv
822;bky
823;egw
824;bhw
825;acw
826;gbr
827;fud
828;axf
829;cuw
830;adn
831;ejt
832;bnm
833;ebh
834;exf
835;acx
836;dif
837;aqp
838;frc
839;aaq
840;btq
841;fxp
842;arh
843;cke
844;exv
845;cpn
846;cjw
847;dqv
848;aok
849;aun
850;cga
851;fkb
852;bma
853;byx
854;dkw
855;bbj
856;awj
857;adh
858;cff
859;fmh
860;brn
861;ecc
862;bbu
863;cdj
864;dhd
865;ftd
866;fkq
867;bry
868;ews
869;awk
870;ccu
871;bdo
872;dfr
873;fty
874;dvg
875;dwm
876;aqs
877;epp
878;fhq
879;foh
880;aao
881;fzn
882;fgo
883;abp
884;fpd
885;ezn
886;any
887;bbv
888;fga
889;eyw
890;ajn
891;cqc
892;ces
893;caw
894;bkg
895;fge
896;cni
897;fmi
898;dyw
899;der
900;bis
901;duu
902;biu
903;ars
904;dnk
905;bqj
906;ddo
907;ech
908;cbq
909;eqy
910;cnd
911;dia
912;biw
913;exr
914;cok
915;ekn
916;czn
917;cix
918;eru
919;bfh
920;gcj
921;azs
922;bdf
923;dks
924;brb
925;fev
926;fcs
927;bfq
928;dwc
929;bbg
930;edo
931;crw
932;aps
933;drd
934;bvq
935;cpf
936;dii
937;aki
938;cbd
939;aie
940;avy
941;cic
942;cgg
943;bai
944;dyp
945;exo
946;ceb
947;ang
948;bzq
949;dpo
950;dmb
951;fts
952;asz
953;fdd
954;ceh
955;adu
956;auh
957;etj
958;erx
959;dej
960;cuy
961;agv
962;fie
963;cpa
964;dms
965;exs
966;cuh
967;esw
968;fdm
969;fum
970;exp
971;bzv
972;eiv
973;egg
974;dte
975;ckf
976;bif
977;fgn
978;bzg
979;bjy
980;ewz
981;cus
982;aqm
983;eww
984;ani
985;fwb
986;eik
987;dvc
988;bqg
989;duk
990;ezq
991;brt
992;aor
993;fry
994;fve
995;azn
996;fhi
997;feu
998;era
999;dfm
1000;afc
1001;gcp
1002;bzw
1003;fwn
1004;eoj
1005;avt
1006;esp
1007;dbu
1008;cvf
1009;cwa
1010;dkn
1011;dyi
1012;ahn
1013;bzm
1014;czj
1015;axp
1016;ebu
1017;dww
1018;ehc
1019;axm
1020;boi
1021;bgz
1022;bnp
1023;foa
1024;age
1025;esq
1026;bdr
1027;cgv
1028;dev
1029;eoa
1030;ath
1031;bvb
1032;bde
1033;duy
1034;cab
1035;cnv
1036;cnw
1037;egd
1038;btt
1039;chg
1040;aum
1041;fuz
1042;cwh
1043;bwz
1044;crf
1045;dqx
1046;bhv
1047;edq
1048;bxq
1049;fqv
1050;awn
1051;dtj
1052;ene
1053;ccg
1054;aog
1055;dfy
1056;dwo
1057;dbt
1058;bva
1059;crm
1060;bqn
1061;bdj
1062;avq
1063;dac
1064;arp
1065;dwf
1066;aau
1067;fmv
1068;auk
1069;bcf
1070;bdk
1071;cuf
1072;djc
1073;bdx
1074;dpa
1075;fdx
1076;epr
1077;cwu
1078;esn
1079;dnh
1080;dem
1081;axe
1082;fxh
1083;ckm
1084;bgr
1085;daz
1086;fih
1087;ewv
1088;epb
1089;cej
1090;cks
1091;anb
1092;bbs
1093;ftm
1094;fxr
1095;abs
1096;aqw
1097;eeq
1098;ddd
1099;eyn
1100;fwv
1101;ato
1102;ezs
1103;csa
1104;bvm
1105;dkz
1106;gdd
1107;ewg
1108;adb
1109;dmc
1110;bnr
1111;azc
1112;fai
1113;ajr
1114;fmp
1115;afu
1116;fdf
1117;ewq
1118;akw
1119;awa
1120;dca
1121;amx
1122;dgh
1123;eaz
1124;eez
1125;caq
1126;bvj
1127;dnc
1128;ctu
1129;cvp
1130;bvo
1131;coc
1132;esj
1133;dyh
1134;fmu
1135;cir
1136;dag
1137;eia
1138;chy
1139;beg
1140;bkm
1141;cci
1142;eri
1143;bkb
1144;ean
1145;aeb
1146;atk
1147;eod
1148;evq
1149;bmb
1150;btr
1151;fwg
1152;apd
1153;ekq
1154;btp
1155;azv
1156;euu
1157;dcj
1158;cey
1159;aju
1160;aou
1161;ana
1162;axg
1163;bqr
1164;dfu
1165;fws
1166;ent
1167;ehu
1168;eur
1169;fpg
1170;dad
1171;cmk
1172;cqg
1173;fde
1174;brp
1175;cja
1176;cbf
1177;ewt
1178;aep
1179;eye
1180;dqw
1181;aku
1182;fwj
1183;ctt
1184;czq
1185;dxx
1186;dab
1187;bni
1188;crg
1189;dfn
1190;fke
1191;gau
1192;fdt
1193;bqi
1194;cpw
1195;boq
1196;bsr
1197;fjb
1198;dhu
1199;dep
1200;dff
1201;ewr
1202;cov
1203;erm
1204;esy
1205;awx
1206;fgi
1207;ebe
1208;dma
1209;fkf
1210;cbx
1211;ffd
1212;ckn
1213;agt
1214;cch
1215;ega
1216;cjq
1217;dxo
1218;csw
1219;dws
1220;fvc
1221;fia
1222;dko
1223;eba
1224;aae
1225;ccv
1226;cpk
1227;czb
1228;axz
1229;bqc
1230;dym
1231;ejd
1232;egs
1233;cyi
1234;cog
1235;fvb
1236;cin
1237;eyp
1238;bbq
1239;fkx
1240;dsm
1241;aix
1242;aqe
1243;afb
1244;dsg
1245;bwi
1246;aiy
1247;enu
1248;dss
1249;coa
1250;dbq
1251;gce
1252;bvh
1253;daj
1254;amo
1255;dro
1256;bxs
1257;azq
1258;bfg
1259;eev
1260;fkc
1261;eap
1262;frx
1263;fks
1264;cjt
1265;cbm
1266;djz
1267;fzz
1268;dmf
1269;bhy
1270;agi
1271;far
1272;amr
1273;ber
1274;diw
1275;enw
1276;aim
1277;cxp
1278;ceq
1279;fsb
1280;fom
1281;cup
1282;coh
1283;dzq
1284;eak
1285;brc
1286;eid
1287;agw
1288;cby
1289;bku
1290;fen
1291;fvi
1292;aiz
1293;fao
1294;ede
1295;bzh
1296;fdy
1297;cmv
1298;dfz
1299;aeu
1300;bzb
1301;ans
1302;cza
1303;apq
1304;dox
1305;bqz
1306;cfx
1307;bei
1308;cnb
1309;dne
1310;big
1311;auo
1312;eei
1313;fby
1314;auq
1315;biq
1316;eea
1317;cps
1318;evz
1319;buq
1320;bhz
1321;ebv
1322;ape
1323;fce
1324;fgm
1325;afe
1326;fta
1327;erb
1328;eer
1329;fzf
1330;ava
1331;ffk
1332;asr
1333;coz
1334;cjs
1335;eic
1336;epv
1337;fof
1338;bun
1339;efj
1340;cwg
1341;bbk
1342;avo
1343;aji
1344;fwc
1345;fqq
1346;eut
1347;aye
1348;din
1349;etp
1350;avp
1351;eqc
1352;fyv
1353;bju
1354;dsn
1355;ayp
1356;dam
1357;bkz
1358;fah
1359;bsv
1360;ept
1361;gax
1362;cau
1363;eqa
1364;ecg
1365;ebi
1366;dpj
1367;cnr
1368;fkw
1369;bjo
1370;cnn
1371;apm
1372;ebt
1373;afn
1374;dre
1375;fou
1376;bhm
1377;eoo
1378;baz
1379;dmw
1380;dkk
1381;cgh
1382;eok
1383;cki
1384;dzk
1385;bzy
1386;egi
1387;dgb
1388;cit
1389;enr
1390;dsb
1391;axo
1392;dvf
1393;eyb
1394;frn
1395;cjj
1396;faj
1397;bux
1398;drr
1399;eky
1400;dud
1401;cah
1402;bhq
1403;cvy
1404;fxn
1405;bpw
1406;fuc
1407;cdh
1408;dpp
1409;bfi
1410;amm
1411;dcr
1412;fxq
1413;cnk
1414;cty
1415;gcy
1416;bdt
1417;eew
1418;fgw
1419;buo
1420;dzc
1421;csz
1422;bvt
1423;aed
1424;eqn
1425;cra
1426;czo
1427;anh
1428;cgr
1429;dyy
1430;cjo
1431;fez
1432;fwr
1433;dux
1434;chs
1435;efx
1436;adp
1437;frw
1438;amt
1439;duh
1440;ded
1441;bnv
1442;ddu
1443;cxz
1444;css
1445;avs
1446;eab
1447;gbg
1448;fre
1449;cyg
1450;ehi
1451;fgr
1452;aic
1453;eio
1454;djf
1455;are
1456;ekw
1457;cyu
1458;fvg
1459;bqe
1460;dzm
1461;aaz
1462;euv
1463;dip
1464;arw
1465;dbj
1466;chv
1467;cdu
1468;ezm
1469;asn
1470;dsv
1471;cfp
1472;eej
1473;fgs
1474;fru
1475;arm
1476;dzp
1477;anq
1478;bzd
1479;ckj
1480;bok
1481;diu
1482;fvm
1483;ebn
1484;bgx
1485;fsv
1486;ekv
1487;dcn
1488;auf
1489;bby
1490;fic
1491;dkf
1492;fut
1493;fkh
1494;dhp
1495;dxp
1496;edv
1497;ctg
1498;frz
1499;ahr
1500;ejm
1501;ehr
1502;aar
1503;awt
1504;frd
1505;dqz
1506;ctw
1507;fbu
1508;awq
1509;fnj
1510;bii
1511;fhn
1512;dvv
1513;cmp
1514;fqb
1515;bdy
1516;dps
1517;esd
1518;cuq
1519;crv
1520;cft
1521;fsk
1522;bda
1523;fcn
1524;eof
1525;eum
1526;fjj
1527;bfk
1528;dqh
1529;dfq
1530;etg
1531;enp
1532;fju
1533;dgc
1534;faa
1535;ahu
1536;dvp
1537;djd
1538;dpk
1539;abd
1540;aco
1541;ayd
1542;eco
1543;cvc
1544;cgs
1545;aow
1546;dvk
1547;ahs
1548;fei
1549;aaa
1550;bmx
1551;cyj
1552;daw
1553;dkt
1554;aqj
1555;bbx
